<?xml version="1.0" encoding="UTF-8"?>
<project-private xmlns="http://www.netbeans.org/ns/project-private/1">
    <editor-bookmarks xmlns="http://www.netbeans.org/ns/editor-bookmarks/2" lastBookmarkId="0"/>
    <open-files xmlns="http://www.netbeans.org/ns/projectui-open-files/2">
        <group>
            <file>file:/home/leonardo/Documents/Madalena/Clinica/src/Views/Login.java</file>
            <file>file:/home/leonardo/Documents/Madalena/Clinica/src/Views/RelatorioConsulta.java</file>
            <file>file:/home/leonardo/Documents/Madalena/Clinica/src/Views/CadastroProntuario.java</file>
            <file>file:/home/leonardo/Documents/Madalena/Clinica/src/Model/Usuario.java</file>
            <file>file:/home/leonardo/Documents/Madalena/Clinica/src/Controle/ControleInicial.java</file>
            <file>file:/home/leonardo/Documents/Madalena/Clinica/src/Model/Consulta.java</file>
            <file>file:/home/leonardo/Documents/Madalena/Clinica/src/Views/CadastroGerenciadorMens.java</file>
            <file>file:/home/leonardo/Documents/Madalena/Clinica/src/Views/RelatorioAcompanhate.java</file>
            <file>file:/home/leonardo/Documents/Madalena/Clinica/src/Model/Medico.java</file>
            <file>file:/home/leonardo/Documents/Madalena/Clinica/src/Inicio/TrabalhoPoo.java</file>
            <file>file:/home/leonardo/Documents/Madalena/Clinica/src/Views/SelecaoMedico.java</file>
            <file>file:/home/leonardo/Documents/Madalena/Clinica/src/Controle/ControleConsulta.java</file>
            <file>file:/home/leonardo/Documents/Madalena/Clinica/src/Model/Pessoa.java</file>
            <file>file:/home/leonardo/Documents/Madalena/Clinica/src/Views/RelatorioAtestado.java</file>
            <file>file:/home/leonardo/Documents/Madalena/Clinica/src/Views/TelaSistema.java</file>
            <file>file:/home/leonardo/Documents/Madalena/Clinica/src/META-INF/persistence.xml</file>
            <file>file:/home/leonardo/Documents/Madalena/Clinica/src/Controle/ControleUsuario.java</file>
            <file>file:/home/leonardo/Documents/Madalena/Clinica/src/Views/CadastroMedico.java</file>
            <file>file:/home/leonardo/Documents/Madalena/Clinica/src/Controle/ControleMedico.java</file>
            <file>file:/home/leonardo/Documents/Madalena/Clinica/src/Model/Prontuario.java</file>
            <file>file:/home/leonardo/Documents/Madalena/Clinica/src/Views/RelatorioReceituario.java</file>
            <file>file:/home/leonardo/Documents/Madalena/Clinica/src/Views/SelecaoPaciente.java</file>
            <file>file:/home/leonardo/Documents/Madalena/Clinica/src/Views/CadastroConsulta.java</file>
            <file>file:/home/leonardo/Documents/Madalena/Clinica/src/Views/CadastroPaciente.java</file>
            <file>file:/home/leonardo/Documents/Madalena/Clinica/src/Model/Paciente.java</file>
            <file>file:/home/leonardo/Documents/Madalena/Clinica/src/Controle/ControlePaciente.java</file>
            <file>file:/home/leonardo/Documents/Madalena/Clinica/src/Views/CadastroUsuario.java</file>
            <file>file:/home/leonardo/Documents/Madalena/Clinica/src/Controle/ControleProntuario.java</file>
        </group>
    </open-files>
</project-private>
